﻿<addon id="plugin.video.exodus" version="3.1.22" name="[B][COLOR silver]MY-[/COLOR][COLOR yellow]EXO[/COLOR][COLOR blue]DUS[/COLOR][/B]" provider-name="Exodus">
	<requires>
		<import addon="xbmc.python" version="2.19.0" />
		<import addon="script.module.urlresolver" version="3.0.33" />
		<import addon="script.module.metahandler" version="2.9.0" />
	</requires>
	<extension point="xbmc.python.pluginsource" library="exodus.py">
		<provides>video</provides>
	</extension>
	<extension point="xbmc.service" library="service.py" start="startup" />
	<extension point="xbmc.addon.metadata">
		<summary lang="en">Exodus</summary>
		<platform>all</platform>
		<forum></forum>
		<website></website>
		<source></source>
		<news>Last Version Made From The TVA Guys, If anything changes will be listed here, this version should fix install errors</news>
	</extension>
</addon>